name,x,y,width,length,rotation
b00,175.0078125,113.6015625,43.0,10.0,5.76
b01,187.49375,143.28125,36.0,10.0,5.5
